ID;Name;wurde-getauscht;TEAM;POS;Alter;Spiele gespielt;Minuten pro Spiel;FTA;FT_PCT;TwoPA;TwoP%;ThreePA;ThreeP%;EFG%;TS%;Grösse in Inches;Grösse in cm
1;Alex Abrines;FALSE;Okc;G;25.69;31;19;13;0.923;30;50.00%;127;32.30%;48.70%;50.70%;78;198.12
2;Quincy Acy;FALSE;Pho;F;28.51;10;12.3;10;0.7;3;66.70%;15;13.30%;27.80%;37.90%;79;200.66
3;Jaylen Adams;FALSE;Atl;G;22.93;34;12.6;9;0.778;36;36.10%;74;33.80%;45.90%;47.40%;74;187.96
4;Steven Adams;FALSE;Okc;C;25.73;80;33.4;292;0.5;807;59.60%;2;0.00%;59.50%;59.10%;84;213.36
5;Bam Adebayo;FALSE;Mia;C-F;21.73;82;23.3;226;0.735;471;58.80%;15;20.00%;57.90%;62.30%;82;208.28
6;Deng Adel;FALSE;Cle;F;22.19;19;10.2;4;1;13;38.50%;23;26.10%;38.90%;42.40%;77;195.58
7;DeVaughn Akoon-Purcell;FALSE;Den;G-F;25.85;7;3.1;2;0.5;6;50.00%;4;0.00%;30.00%;32.20%;78;198.12
8;LaMarcus Aldridge;FALSE;San;F;33.73;81;33.2;412;0.847;1277;52.80%;42;23.80%;52.20%;57.60%;83;210.82
9;Rawle Alkins;FALSE;Chi;G;21.45;10;12;12;0.667;27;37.00%;12;25.00%;37.20%;41.80%;77;195.58
10;Grayson Allen;FALSE;Uta;G;23.51;38;11;60;0.75;79;44.30%;99;32.30%;46.60%;51.60%;77;195.58
11;Jarrett Allen;FALSE;Bro;C;20.97;80;26.2;278;0.709;523;62.90%;45;13.30%;59.50%;63.20%;83;210.82
12;Kadeem Allen;FALSE;Nyk;G;26.24;19;21.9;54;0.778;104;46.20%;36;47.20%;52.50%;57.70%;73;185.42
13;Al-Farouq Aminu;FALSE;Por;F;28.55;81;28.3;173;0.867;313;51.40%;280;34.30%;51.40%;56.80%;81;205.74
14;Justin Anderson;FALSE;Atl;G-F;25.39;48;9.7;35;0.743;80;50.00%;77;31.20%;48.40%;51.60%;78;198.12
15;Kyle Anderson;FALSE;Mem;F;25.56;43;29.8;64;0.578;242;58.30%;34;26.50%;56.00%;56.90%;81;205.74
16;Ryan Anderson;TRUE;Pho;F;30.93;15;18.5;14;0.786;26;46.20%;34;20.60%;37.50%;42.30%;82;208.28
17;Ryan Anderson;TRUE;Mia;F;30.93;10;4.4;2;0.5;3;0.00%;6;33.30%;33.30%;35.40%;82;208.28
18;Ike Anigbogu;FALSE;Ind;C;20.47;3;2.1;0;0;3;0.00%;0;0.00%;0.00%;0.00%;82;208.28
19;Giannis Antetokounmpo;FALSE;Mil;F;24.35;72;32.8;686;0.729;1045;64.00%;203;25.60%;59.90%;64.30%;82;208.28
20;Kostas Antetokounmpo;FALSE;Dal;F;21.39;2;5.3;4;0.5;3;0.00%;0;0.00%;0.00%;21.00%;83;210.82
21;Carmelo Anthony;FALSE;Hou;F;34.87;10;29.4;22;0.682;57;49.10%;64;32.80%;49.20%;51.30%;80;203.2
22;OG Anunoby;FALSE;Tor;F;21.74;67;20.2;62;0.581;202;57.40%;202;33.20%;53.60%;54.40%;80;203.2
23;Ryan Arcidiacono;FALSE;Chi;G;25.04;81;24.2;102;0.873;201;52.70%;218;37.20%;54.30%;58.60%;75;190.5
24;Trevor Ariza;TRUE;Pho;F;33.78;26;34;43;0.837;88;40.90%;139;36.00%;48.90%;52.50%;80;203.2
25;Trevor Ariza;TRUE;Was;F;33.78;43;34.1;121;0.777;214;52.80%;295;32.20%;50.20%;53.80%;80;203.2
26;D.J. Augustin;FALSE;Orl;G;31.42;81;28;209;0.866;366;51.10%;311;42.10%;56.60%;61.60%;72;182.88
27;Deandre Ayton;FALSE;Pho;C;20.72;71;30.7;189;0.746;866;58.80%;4;0.00%;58.50%;60.80%;85;215.9
28;Dwayne Bacon;FALSE;Cha;G-F;23.61;43;17.6;46;0.739;170;49.40%;87;43.70%;54.90%;57.00%;79;200.66
29;Marvin Bagley III;FALSE;Sac;F;20.08;62;25.3;262;0.691;610;53.40%;96;31.30%;52.50%;56.20%;83;210.82
30;Ron Baker;TRUE;Nyk;G;26.03;11;9.7;6;0.833;7;42.90%;9;11.10%;28.10%;37.60%;76;193.04
31;Ron Baker;TRUE;Was;G;26.03;4;11.4;0;0;0;0.00%;4;0.00%;0.00%;0.00%;76;193.04
32;Wade Baldwin IV;FALSE;Por;G;23.03;16;5.9;11;0.727;24;33.30%;9;22.20%;33.30%;39.60%;76;193.04
33;Lonzo Ball;FALSE;Lal;G;21.46;47;30.3;48;0.417;228;48.20%;228;32.90%;48.80%;48.70%;78;198.12
34;Mo Bamba;FALSE;Orl;C;20.92;47;16.3;63;0.587;173;55.50%;70;30.00%;52.50%;53.90%;84;213.36
35;J.J. Barea;FALSE;Dal;G;34.79;38;19.8;78;0.705;257;47.90%;128;29.70%;46.80%;49.50%;72;182.88
36;Harrison Barnes;TRUE;Dal;F;26.86;49;32.3;198;0.833;406;41.60%;311;38.90%;48.90%;53.80%;80;203.2
37;Harrison Barnes;TRUE;Sac;F;26.86;28;33.9;80;0.8;179;49.20%;130;40.80%;54.20%;58.00%;80;203.2
38;Will Barton;FALSE;Den;G;28.26;43;27.7;74;0.77;264;44.70%;196;34.20%;47.50%;50.10%;78;198.12
39;Keita Bates-Diop;FALSE;Min;F;23.21;30;16.8;28;0.643;90;52.20%;52;25.00%;46.80%;48.90%;81;205.74
40;Nicolas Batum;FALSE;Cha;G-F;30.32;75;31.4;89;0.865;265;51.70%;298;38.90%;55.20%;58.00%;80;203.2
41;Jerryd Bayless;FALSE;Min;G;30.64;34;19.3;28;0.571;132;40.20%;98;29.60%;42.00%;43.10%;75;190.5
42;Aron Baynes;FALSE;Bos;F-C;32.34;51;16.1;62;0.855;162;51.90%;61;34.40%;51.80%;56.70%;82;208.28
43;Kent Bazemore;FALSE;Atl;G;29.78;67;24.5;176;0.722;391;46.50%;300;32.00%;47.20%;50.70%;77;195.58
44;Bradley Beal;FALSE;Was;G;25.79;82;36.9;448;0.808;1012;54.80%;596;35.10%;54.00%;58.10%;77;195.58
45;Malik Beasley;FALSE;Den;G;22.37;81;23.2;66;0.848;333;55.90%;405;40.20%;58.30%;59.80%;77;195.58
46;Michael Beasley;FALSE;Lal;F;30.25;26;10.7;39;0.718;136;52.90%;17;17.60%;50.00%;53.20%;81;205.74
47;Marco Belinelli;FALSE;San;G-F;33.05;79;23;124;0.903;295;46.80%;395;37.20%;52.00%;55.70%;77;195.58
48;Jordan Bell;FALSE;Gol;F;24.26;68;11.6;41;0.61;190;52.10%;2;0.00%;51.60%;53.10%;81;205.74
49;DeAndre' Bembry;FALSE;Atl;F;24.77;82;23.6;136;0.64;444;50.70%;173;28.90%;48.60%;50.80%;78;198.12
50;Dragan Bender;FALSE;Pho;F;21.4;46;18;54;0.593;96;68.80%;101;21.80%;50.30%;52.10%;85;215.9
51;Davis Bertans;FALSE;San;F;26.41;76;21.5;60;0.883;115;51.30%;338;42.90%;61.00%;63.20%;82;208.28
52;Dairis Bertans;FALSE;Nor;G;29.59;12;13.9;0;0;13;15.40%;34;29.40%;36.20%;36.20%;76;193.04
53;Patrick Beverley;FALSE;Lac;G;30.75;78;27.4;123;0.78;194;42.30%;281;39.90%;52.60%;56.30%;73;185.42
54;Khem Birch;FALSE;Orl;C;26.53;50;12.9;83;0.699;150;60.70%;1;0.00%;60.30%;64.00%;81;205.74
55;Bismack Biyombo;FALSE;Cha;C;26.62;54;14.5;91;0.637;157;56.70%;0;0.00%;56.70%;59.90%;81;205.74
56;Nemanja Bjelica;FALSE;Sac;F;30.92;77;23.2;92;0.761;336;53.90%;257;40.10%;56.60%;58.50%;82;208.28
57;Antonio Blakeney;FALSE;Chi;G;22.52;57;14.5;76;0.658;305;42.60%;91;39.60%;46.50%;48.70%;76;193.04
58;Eric Bledsoe;FALSE;Mil;G;29.34;78;29.1;236;0.75;595;58.20%;377;32.90%;54.70%;57.70%;73;185.42
59;Jaron Blossomgame;FALSE;Cle;F;25.57;27;16.3;13;0.769;68;54.40%;39;25.60%;48.60%;50.60%;78;198.12
60;Bojan Bogdanovic;FALSE;Ind;F;29.98;81;31.8;305;0.807;664;53.90%;386;42.50%;57.50%;61.40%;78;198.12
61;Bogdan Bogdanovic;FALSE;Sac;G;26.64;70;27.8;162;0.827;491;46.20%;372;36.00%;49.60%;53.00%;80;203.2
62;Andrew Bogut;FALSE;Gol;C;34.37;11;12.2;3;1;36;50.00%;0;0.00%;50.00%;52.30%;84;213.36
63;Jonah Bolden;FALSE;Phi;F;23.27;44;14.5;27;0.481;66;69.70%;96;35.40%;59.90%;59.50%;82;208.28
64;Isaac Bonga;FALSE;Lal;G;19.42;22;5.5;15;0.6;25;20.00%;8;0.00%;15.20%;24.00%;80;203.2
65;Devin Booker;FALSE;Pho;G;22.44;64;35;454;0.866;841;53.60%;414;32.60%;52.10%;58.40%;78;198.12
66;Chris Boucher;FALSE;Tor;F;26.25;28;5.8;15;0.867;39;56.40%;37;32.40%;52.60%;56.30%;82;208.28
67;Avery Bradley;TRUE;Lac;G;28.37;49;29.9;25;0.8;248;41.50%;172;33.70%;45.20%;46.40%;74;187.96
68;Avery Bradley;TRUE;Mem;G;28.37;14;31.6;25;0.92;115;51.30%;73;38.40%;53.70%;56.50%;74;187.96
69;Tony Bradley;FALSE;Uta;C;21.17;3;12;2;0.5;16;50.00%;0;0.00%;50.00%;50.40%;82;208.28
70;Corey Brewer;TRUE;Phi;G-F;33.1;7;19.9;13;0.692;35;45.70%;14;28.60%;44.90%;48.40%;81;205.74
71;Corey Brewer;TRUE;Sac;G-F;33.1;24;14.7;30;0.733;44;52.30%;30;33.30%;51.40%;56.20%;81;205.74
72;Miles Bridges;FALSE;Cha;F;21.06;80;21.2;77;0.753;311;55.30%;200;32.50%;52.70%;54.80%;79;200.66
73;Mikal Bridges;FALSE;Pho;F;22.61;82;29.5;118;0.805;250;54.80%;313;33.50%;52.30%;55.60%;79;200.66
74;Isaiah Briscoe;FALSE;Orl;G;22.99;39;14.3;26;0.577;104;42.30%;34;32.40%;43.80%;45.50%;75;190.5
75;Ryan Broekhoff;FALSE;Dal;G-F;28.63;42;10.8;19;0.789;33;57.60%;94;40.40%;59.80%;61.70%;79;200.66
76;Malcolm Brogdon;FALSE;Mil;G;26.33;64;28.6;152;0.928;503;54.50%;244;42.60%;57.60%;61.50%;77;195.58
77;Dillon Brooks;FALSE;Mem;G-F;23.22;18;18.3;30;0.733;82;41.50%;40;37.50%;46.30%;49.90%;77;195.58
78;MarShon Brooks;FALSE;Mem;G;30.21;29;13.3;33;0.697;115;53.00%;54;27.80%;49.40%;51.80%;78;198.12
79;Troy Brown Jr.;FALSE;Was;F;19.7;52;14;47;0.681;165;45.50%;69;31.90%;46.20%;48.70%;79;200.66
80;Bruce Brown;FALSE;Det;G;22.65;74;19.6;60;0.75;222;45.50%;93;25.80%;43.50%;46.70%;77;195.58
81;Jaylen Brown;FALSE;Bos;F;22.46;74;25.9;202;0.658;516;52.90%;276;34.40%;52.50%;54.70%;77;195.58
82;Lorenzo Brown;FALSE;Tor;G;28.63;26;8.2;3;1;43;39.50%;28;21.40%;36.60%;38.00%;78;198.12
83;Sterling Brown;FALSE;Mil;G;24.16;58;17.8;42;0.69;165;55.80%;147;36.10%;55.00%;56.30%;79;200.66
84;Jalen Brunson;FALSE;Dal;G;22.61;73;21.8;120;0.725;384;52.30%;181;34.80%;52.30%;54.90%;75;190.5
85;Thomas Bryant;FALSE;Was;C;21.7;72;20.8;137;0.781;404;68.30%;99;33.30%;64.70%;67.30%;83;210.82
86;Reggie Bullock;TRUE;Det;F;28.07;44;30.8;64;0.875;147;46.30%;294;38.80%;54.20%;56.90%;79;200.66
87;Reggie Bullock;TRUE;Lal;G-F;28.07;19;27.6;21;0.81;54;53.70%;99;34.30%;52.30%;54.50%;79;200.66
88;Trey Burke;TRUE;Nyk;G;26.41;33;20.9;75;0.827;272;43.40%;86;34.90%;45.50%;49.60%;73;185.42
89;Trey Burke;TRUE;Dal;G;26.41;25;17.4;49;0.837;117;53.00%;74;35.10%;52.90%;57.20%;73;185.42
90;Alec Burks;TRUE;Uta;G;27.73;17;15.8;38;0.868;71;43.70%;43;37.20%;48.20%;54.70%;78;198.12
91;Alec Burks;TRUE;Cle;G;27.73;34;28.8;98;0.806;221;41.20%;119;37.80%;46.60%;51.70%;78;198.12
92;Alec Burks;TRUE;Sac;G;27.73;13;9.7;5;0.8;14;64.30%;6;0.00%;45.00%;49.50%;78;198.12
93;Deonte Burton;FALSE;Okc;G;25.19;32;7.5;12;0.667;55;45.50%;27;29.60%;45.10%;47.00%;77;195.58
94;Jimmy Butler;TRUE;Min;G-F;29.57;10;36.1;61;0.787;112;50.90%;45;37.80%;52.50%;57.90%;80;203.2
95;Jimmy Butler;TRUE;Phi;G-F;29.57;55;33.2;304;0.868;600;49.00%;147;34.00%;49.40%;56.90%;80;203.2
96;Bruno Caboclo;FALSE;Mem;F;23.55;34;23.5;50;0.84;95;50.50%;130;36.90%;53.30%;57.10%;81;205.74
97;Jose Calderon;FALSE;Det;G;37.54;48;13.2;11;0.818;63;49.20%;57;24.60%;43.30%;45.30%;75;190.5
98;Kentavious Caldwell-Pope;FALSE;Lal;G;26.14;82;24.8;158;0.867;321;54.20%;436;34.60%;52.90%;56.70%;77;195.58
99;Isaiah Canaan;TRUE;Pho;G;27.89;19;26.4;20;0.75;57;45.60%;72;34.70%;49.20%;51.50%;72;182.88
100;Isaiah Canaan;TRUE;Min;G;27.89;7;13.6;4;1;10;40.00%;19;36.80%;50.00%;53.60%;72;182.88
101;Isaiah Canaan;TRUE;Mil;G;27.89;4;7.6;0;0;1;0.00%;5;40.00%;50.00%;50.00%;72;182.88
102;Clint Capela;FALSE;Hou;C;24.9;67;33.6;261;0.636;732;64.80%;0;0.00%;64.80%;65.80%;82;208.28
103;DeMarre Carroll;FALSE;Bro;F;32.71;67;25.4;242;0.76;264;45.80%;311;34.10%;48.70%;54.60%;80;203.2
104;Wendell Carter Jr.;FALSE;Chi;F;19.99;44;25.2;112;0.795;338;51.50%;32;18.80%;49.50%;54.30%;82;208.28
105;Jevon Carter;FALSE;Mem;G;23.57;39;14.8;32;0.813;83;26.50%;102;33.30%;39.50%;43.20%;74;187.96
106;Vince Carter;FALSE;Atl;G-F;42.21;76;17.5;66;0.712;152;48.00%;316;38.90%;55.00%;56.50%;78;198.12
107;Michael Carter-Williams;TRUE;Hou;G;27.5;16;9;26;0.462;42;42.90%;19;36.80%;46.70%;47.60%;78;198.12
108;Michael Carter-Williams;TRUE;Orl;G;27.5;12;18.9;27;0.741;43;41.90%;19;15.80%;36.30%;44.00%;78;198.12
109;Alex Caruso;FALSE;Lal;G;25.12;25;21.2;64;0.797;123;43.10%;50;48.00%;51.40%;56.90%;77;195.58
110;Omri Casspi;FALSE;Mem;F;30.8;36;14.5;58;0.672;118;60.20%;43;34.90%;58.10%;60.60%;81;205.74
111;Willie Cauley-Stein;FALSE;Sac;C;25.65;81;27.3;254;0.551;739;55.60%;2;50.00%;55.70%;56.60%;84;213.36
112;Troy Caupain;FALSE;Orl;G;23.37;4;3.9;0;0;5;40.00%;3;66.70%;62.50%;62.50%;76;193.04
113;Tyler Cavanaugh;FALSE;Uta;F;25.17;11;3.6;2;1;5;40.00%;5;20.00%;35.00%;41.40%;81;205.74
114;Tyson Chandler;TRUE;Pho;C;36.52;7;12.7;18;0.556;12;66.70%;0;0.00%;66.70%;65.30%;81;205.74
115;Tyson Chandler;TRUE;Lal;C;36.52;48;16.4;69;0.594;86;61.60%;1;0.00%;60.90%;62.60%;81;205.74
116;Wilson Chandler;TRUE;Phi;F;31.92;36;26.4;18;0.722;89;50.60%;118;39.00%;55.10%;56.10%;85;215.9
117;Wilson Chandler;TRUE;Lac;F;31.92;15;15;7;0.714;26;38.50%;40;32.50%;44.70%;46.30%;85;215.9
118;Joe Chealey;FALSE;Cha;G;23.44;1;7.8;0;0;3;33.30%;0;0.00%;33.30%;33.30%;75;190.5
119;Chris Chiozza;FALSE;Hou;G;23.39;7;4.6;0;0;3;0.00%;5;40.00%;37.50%;37.50%;71;180.34
120;Marquese Chriss;TRUE;Hou;F;21.78;16;6.5;7;0.857;19;52.60%;15;6.70%;33.80%;39.10%;82;208.28
121;Marquese Chriss;TRUE;Cle;F;21.78;27;14.6;38;0.684;89;46.10%;57;26.30%;43.50%;47.00%;82;208.28
122;Gary Clark;FALSE;Hou;F;24.4;51;12.6;7;1;13;69.20%;138;29.70%;46.70%;48.00%;75;190.5
123;Ian Clark;FALSE;Nor;G;28.1;60;16.2;37;0.892;181;47.00%;202;32.70%;48.00%;50.20%;80;203.2
124;Jordan Clarkson;FALSE;Cle;G;26.84;81;27.3;192;0.844;735;52.40%;445;32.40%;50.90%;53.90%;77;195.58
125;John Collins;FALSE;Atl;F-C;21.55;61;30;265;0.766;673;60.90%;158;34.80%;59.30%;62.70%;82;208.28
126;Zach Collins;FALSE;Por;F-C;21.39;77;17.6;126;0.746;279;53.40%;121;33.10%;52.30%;56.20%;84;213.36
127;Darren Collison;FALSE;Ind;G;31.63;76;28.2;190;0.832;465;49.20%;194;40.70%;52.70%;57.40%;72;182.88
128;Bonzie Colson;FALSE;Mil;F;23.24;8;12.3;9;0.889;18;44.40%;21;23.80%;39.70%;45.40%;78;198.12
129;Mike Conley;FALSE;Mem;G;31.5;70;33.5;406;0.845;694;48.30%;426;36.40%;50.70%;56.90%;73;185.42
130;Pat Connaughton;FALSE;Mil;G;26.26;61;20.7;40;0.725;150;64.70%;200;33.00%;56.00%;57.30%;76;193.04
131;Quinn Cook;FALSE;Gol;G;26.05;74;14.3;26;0.769;239;51.50%;200;40.50%;55.70%;56.50%;74;187.96
132;DeMarcus Cousins;FALSE;Gol;C;28.66;30;25.7;144;0.736;276;55.10%;95;27.40%;51.50%;56.20%;83;210.82
133;Robert Covington;TRUE;Phi;F;28.32;13;33.8;23;0.739;40;50.00%;77;39.00%;55.60%;57.80%;81;205.74
134;Robert Covington;TRUE;Min;F;28.32;22;34.7;66;0.773;97;52.60%;148;37.20%;54.50%;58.00%;81;205.74
135;Allen Crabbe;FALSE;Bro;G-F;27;43;26.4;56;0.732;113;34.50%;259;37.80%;50.00%;52.10%;78;198.12
136;Torrey Craig;FALSE;Den;F;28.31;75;20;70;0.7;174;56.90%;188;32.40%;52.60%;54.70%;79;200.66
137;Jamal Crawford;FALSE;Pho;G;39.06;64;18.9;110;0.845;236;45.30%;202;33.20%;47.40%;52.20%;77;195.58
138;Mitchell Creek;TRUE;Bro;F;26.95;4;8.9;7;0.714;9;55.60%;1;0.00%;50.00%;57.30%;77;195.58
139;Mitchell Creek;TRUE;Min;F;26.95;1;11.5;0;0;5;60.00%;1;0.00%;50.00%;50.00%;77;195.58
140;Jae Crowder;FALSE;Uta;F;28.77;80;27.1;197;0.721;276;52.50%;522;33.10%;50.70%;53.70%;78;198.12
141;Dante Cunningham;FALSE;San;F;31.97;64;14.5;18;0.778;93;48.40%;65;46.20%;57.00%;58.50%;80;203.2
142;Seth Curry;FALSE;Por;G;28.63;74;18.9;52;0.846;214;46.30%;251;45.00%;57.70%;59.50%;74;187.96
143;Stephen Curry;FALSE;Gol;G;31.07;69;33.8;287;0.916;530;52.50%;810;43.70%;60.40%;64.10%;75;190.5
144;Troy Daniels;FALSE;Pho;G;27.74;51;14.9;23;0.783;81;48.10%;194;38.10%;54.50%;55.80%;76;193.04
145;Anthony Davis;FALSE;Nor;F-C;26.09;56;33;433;0.794;881;54.70%;145;33.10%;54.00%;59.70%;82;208.28
146;Deyonta Davis;FALSE;Atl;C-F;22.35;9;13.2;10;0.6;21;71.40%;1;0.00%;68.20%;68.20%;83;210.82
147;Ed Davis;FALSE;Bro;C;29.85;81;17.9;162;0.617;300;62.00%;2;0.00%;61.60%;63.20%;82;208.28
148;Tyler Davis;FALSE;Okc;C;21.89;1;0.9;0;0;1;0.00%;0;0.00%;0.00%;0.00%;82;208.28
149;Dewayne Dedmon;FALSE;Atl;C;29.66;64;25.1;113;0.814;309;57.00%;217;38.20%;57.10%;60.20%;84;213.36
150;Sam Dekker;FALSE;Cle;F;24.93;9;18.8;10;0.8;35;48.60%;13;38.50%;51.00%;54.40%;81;205.74
151;Sam Dekker;FALSE;Was;F;24.93;38;16.3;36;0.556;159;52.80%;49;28.60%;50.50%;51.40%;81;205.74
152;Angel Delgado;FALSE;Lac;C;24.39;2;7.4;2;0.5;5;20.00%;0;0.00%;20.00%;25.50%;82;208.28
153;Matthew Dellavedova;TRUE;Mil;G;28.59;12;8.1;4;1;8;25.00%;11;36.40%;42.10%;48.20%;76;193.04
154;Matthew Dellavedova;TRUE;Cle;G;28.59;36;19.9;48;0.792;104;50.00%;119;33.60%;50.20%;53.70%;76;193.04
155;Luol Deng;FALSE;Min;F;33.99;22;17.8;35;0.714;74;60.80%;44;31.80%;55.90%;58.80%;81;205.74
156;DeMar DeRozan;FALSE;San;G;29.68;77;34.9;439;0.831;1268;49.20%;45;15.60%;48.30%;54.20%;79;200.66
157;Marcus Derrickson;FALSE;Gol;F;23.19;11;6.1;5;0.8;13;46.20%;20;50.00%;63.60%;65.30%;79;200.66
158;Cheick Diallo;FALSE;Nor;F;22.57;64;14;67;0.746;267;62.50%;4;25.00%;62.20%;64.40%;77;195.58
159;Hamidou Diallo;FALSE;Okc;G;20.7;51;10.3;59;0.61;141;50.40%;24;16.70%;46.70%;49.70%;81;205.74
160;Gorgui Dieng;FALSE;Min;C;29.23;76;13.6;106;0.83;321;53.00%;56;33.90%;52.70%;57.20%;83;210.82
161;Spencer Dinwiddie;FALSE;Bro;G;26.01;68;28.1;356;0.806;458;52.80%;370;33.50%;51.70%;58.00%;78;198.12
162;Donte DiVincenzo;FALSE;Mil;G;22.19;27;15.2;12;0.75;41;68.30%;83;26.50%;49.20%;50.70%;76;193.04
163;Luka Doncic;FALSE;Dal;G-F;20.12;72;32.2;485;0.713;672;50.30%;515;32.60%;49.70%;54.50%;79;200.66
164;Tyler Dorsey;TRUE;Atl;G;23.15;27;9.3;26;0.615;50;44.00%;39;25.60%;41.60%;44.80%;77;195.58
165;Tyler Dorsey;TRUE;Mem;G;23.15;21;21.3;35;0.629;82;50.00%;93;36.60%;52.60%;54.10%;78;198.12
166;Damyean Dotson;FALSE;Nyk;G;24.93;73;27.4;98;0.745;356;46.10%;342;36.80%;50.60%;52.60%;78;198.12
167;PJ Dozier;FALSE;Bos;G-F;22.46;6;8.5;2;0.5;13;46.20%;8;25.00%;42.90%;43.40%;78;198.12
168;Goran Dragic;FALSE;Mia;G;32.93;36;27.5;101;0.782;269;45.40%;163;35.00%;48.00%;51.80%;75;190.5
169;Andre Drummond;FALSE;Det;C;25.67;79;33.5;412;0.59;1016;54.70%;38;13.20%;53.50%;55.50%;83;210.82
170;Jared Dudley;FALSE;Bro;F;33.75;59;20.7;46;0.696;88;54.50%;151;35.10%;53.30%;55.40%;79;200.66
171;Kris Dunn;FALSE;Chi;G;25.07;46;30.2;69;0.797;410;44.10%;96;35.40%;45.80%;48.40%;76;193.04
172;Kevin Durant;FALSE;Gol;F;30.53;78;34.6;506;0.885;995;58.70%;388;35.30%;57.10%;63.10%;81;205.74
173;Trevon Duval;FALSE;Mil;G;20.69;3;1.9;0;0;2;50.00%;1;100.00%;83.30%;83.30%;74;187.96
174;Vincent Edwards;FALSE;Hou;F;23.01;2;7.9;0;0;0;0.00%;4;25.00%;37.50%;37.50%;80;203.2
175;Henry Ellenson;TRUE;Det;F;22.24;2;12.4;2;1;6;33.30%;4;50.00%;50.00%;55.10%;83;210.82
176;Henry Ellenson;TRUE;Nyk;F;22.24;17;13.8;23;0.739;51;39.20%;34;44.10%;50.00%;53.60%;83;210.82
177;Wayne Ellington;TRUE;Mia;G;31.37;25;21.3;16;0.875;29;41.40%;155;36.80%;53.00%;54.70%;77;195.58
178;Wayne Ellington;TRUE;Det;G;31.37;28;27.3;33;0.758;56;60.70%;217;37.30%;57.00%;58.40%;77;195.58
179;Joel Embiid;FALSE;Phi;F-C;25.07;64;33.7;649;0.804;936;53.50%;263;30.00%;51.70%;59.30%;84;213.36
180;James Ennis III;TRUE;Hou;F;28.78;40;23.7;58;0.724;91;65.90%;120;36.70%;59.70%;62.20%;79;200.66
181;James Ennis III;TRUE;Phi;F;28.78;18;15.6;23;0.696;47;48.90%;36;30.60%;47.60%;51.00%;79;200.66
182;Drew Eubanks;FALSE;San;F;22.19;23;4.9;13;0.846;26;57.70%;0;0.00%;57.70%;64.60%;82;208.28
183;Jacob Evans;FALSE;Gol;G;21.81;30;6.8;1;0;38;36.80%;15;26.70%;37.70%;37.40%;75;190.5
184;Jawun Evans;TRUE;Pho;G;22.71;7;9.1;0;0;11;27.30%;2;0.00%;23.10%;23.10%;78;198.12
185;Jawun Evans;TRUE;Okc;G;22.71;1;0.6;0;0;0;0.00%;1;0.00%;0.00%;0.00%;78;198.12
186;Tyreke Evans;FALSE;Ind;G;29.56;69;20.3;160;0.719;444;40.50%;216;35.60%;44.80%;48.30%;78;198.12
187;Dante Exum;FALSE;Uta;G;23.75;42;15.8;86;0.791;177;46.90%;62;29.00%;46.00%;52.00%;78;198.12
188;Kenneth Faried;TRUE;Bro;F-C;29.39;12;9.8;16;0.625;37;64.90%;5;20.00%;60.70%;62.20%;80;203.2
189;Kenneth Faried;TRUE;Hou;F-C;29.39;25;24.4;83;0.651;203;61.10%;20;35.00%;60.30%;62.20%;80;203.2
190;Derrick Favors;FALSE;Uta;F-C;27.74;76;23.2;228;0.675;541;64.00%;78;21.80%;60.00%;62.40%;82;208.28
191;Cristiano Felicio;FALSE;Chi;F-C;26.76;60;12.4;73;0.685;175;54.30%;4;0.00%;53.10%;56.80%;82;208.28
192;Raymond Felton;FALSE;Okc;G;34.79;33;11.5;13;0.923;74;47.30%;61;32.80%;48.10%;50.50%;73;185.42
193;Terrance Ferguson;FALSE;Okc;G;20.9;74;26.1;51;0.725;141;56.00%;290;36.60%;55.20%;56.60%;79;200.66
194;Yogi Ferrell;FALSE;Sac;G;25.92;71;15;67;0.896;202;49.00%;149;36.20%;51.30%;55.20%;72;182.88
195;Dorian Finney-Smith;FALSE;Dal;F;25.94;81;24.5;103;0.709;274;54.40%;254;31.10%;50.70%;53.00%;80;203.2
196;Bryn Forbes;FALSE;San;G;25.72;82;28;78;0.885;379;48.80%;413;42.60%;56.70%;58.50%;75;190.5
197;Evan Fournier;FALSE;Orl;G-F;26.45;81;31.5;170;0.806;619;50.90%;450;34.00%;50.90%;53.60%;79;200.66
198;De'Aaron Fox;FALSE;Sac;G;21.31;81;31.4;417;0.727;870;48.20%;232;37.10%;49.70%;54.40%;75;190.5
199;Melvin Frazier Jr.;FALSE;Orl;G-F;22.61;10;4.4;4;0.25;15;46.70%;6;0.00%;33.30%;33.00%;78;198.12
200;Tim Frazier;TRUE;Nor;G;28.44;47;19.3;41;0.78;118;51.70%;77;35.10%;52.10%;55.20%;73;185.42
201;Tim Frazier;TRUE;Mil;G;28.44;12;17.6;13;0.692;42;42.90%;24;41.70%;50.00%;52.30%;73;185.42
202;Jimmer Fredette;FALSE;Pho;G;30.12;6;10.8;6;1;16;50.00%;13;0.00%;27.60%;34.80%;74;187.96
203;Channing Frye;FALSE;Cle;F-C;35.9;36;9.5;14;0.786;38;28.90%;79;40.50%;50.40%;52.40%;84;213.36
204;Markelle Fultz;FALSE;Phi;G;20.87;19;22.5;37;0.568;141;43.30%;14;28.60%;43.20%;45.20%;76;193.04
205;Danilo Gallinari;FALSE;Lac;F;30.67;68;30.3;406;0.904;511;48.50%;373;43.20%;55.40%;63.30%;81;205.74
206;Langston Galloway;FALSE;Det;G;27.34;80;21.8;96;0.844;206;45.10%;381;35.40%;50.30%;53.40%;74;187.96
207;Billy Garrett;FALSE;Nyk;G;24.49;4;15.9;4;1;19;57.90%;8;0.00%;40.70%;45.20%;78;198.12
208;Marc Gasol;TRUE;Mem;C;34.2;53;33.7;201;0.756;462;49.10%;221;34.40%;49.90%;54.10%;85;215.9
209;Marc Gasol;TRUE;Tor;C;34.2;26;24.9;52;0.769;135;47.40%;52;44.20%;52.70%;56.50%;85;215.9
210;Pau Gasol;TRUE;San;C-F;38.76;27;12.2;38;0.711;78;46.20%;10;50.00%;49.40%;54.40%;84;213.36
211;Pau Gasol;TRUE;Mil;C-F;38.76;3;10.1;2;0.5;3;0.00%;3;33.30%;25.00%;29.10%;84;213.36
212;Rudy Gay;FALSE;San;F;32.65;69;26.7;147;0.816;562;53.70%;184;40.20%;55.40%;58.30%;80;203.2
213;Paul George;FALSE;Okc;F;28.94;77;36.9;539;0.84;856;48.50%;757;38.60%;52.90%;58.30%;81;205.74
214;Taj Gibson;FALSE;Min;F;33.8;70;24.1;177;0.757;503;58.30%;34;32.40%;57.60%;61.20%;81;205.74
215;Harry Giles III;FALSE;Sac;F-C;20.97;58;14.1;91;0.637;342;51.20%;6;0.00%;50.30%;52.60%;82;208.28
216;Shai Gilgeous-Alexander;FALSE;Lac;G;20.75;82;26.5;195;0.8;577;50.30%;139;36.70%;51.20%;55.40%;78;198.12
217;Rudy Gobert;FALSE;Uta;C;26.79;81;31.8;522;0.636;712;66.90%;0;0.00%;66.90%;68.20%;85;215.9
218;Brandon Goodwin;FALSE;Den;G;23.52;16;3.6;11;0.818;17;23.50%;6;33.30%;30.40%;41.30%;72;182.88
219;Aaron Gordon;FALSE;Orl;F;23.57;78;33.8;253;0.731;699;49.90%;347;34.90%;50.70%;53.80%;81;205.74
220;Eric Gordon;FALSE;Hou;G;30.29;68;31.7;152;0.783;338;49.70%;600;36.00%;52.50%;54.90%;76;193.04
221;Marcin Gortat;FALSE;Lac;C;35.15;47;16;48;0.729;186;53.20%;0;0.00%;53.20%;56.20%;83;210.82
222;Devonte' Graham;FALSE;Cha;G;24.13;46;14.7;46;0.761;95;42.10%;121;28.10%;42.10%;45.90%;74;187.96
223;Treveon Graham;FALSE;Bro;F;25.45;35;20.4;22;0.818;63;41.30%;128;29.70%;43.50%;45.80%;77;195.58
224;Donte Grantham;FALSE;Okc;F;24.06;3;0.8;0;0;0;0.00%;2;0.00%;0.00%;0.00%;80;203.2
225;Jerami Grant;FALSE;Okc;F;25.08;80;32.7;221;0.71;530;55.50%;293;39.20%;56.70%;59.20%;76;193.04
226;Jerian Grant;FALSE;Orl;G;26.5;60;15.6;40;0.65;110;47.30%;110;36.40%;50.90%;52.60%;81;205.74
227;Danny Green;FALSE;Tor;G-F;31.8;80;27.7;44;0.841;195;48.70%;434;45.60%;62.30%;63.30%;78;198.12
228;Draymond Green;FALSE;Gol;F;29.1;66;31.3;91;0.692;257;54.90%;165;28.50%;50.10%;52.60%;79;200.66
229;Gerald Green;FALSE;Hou;G-F;33.21;73;20.2;68;0.838;137;54.70%;441;35.40%;53.50%;55.50%;79;200.66
230;JaMychal Green;FALSE;Mem;F;28.81;41;21.9;80;0.788;216;52.30%;96;39.60%;54.50%;58.00%;81;205.74
231;JaMychal Green;FALSE;Lac;F;28.81;24;19.6;21;0.81;84;54.80%;80;41.30%;58.20%;60.00%;81;205.74
232;Jeff Green;FALSE;Was;F;32.62;77;27.2;206;0.888;367;58.60%;320;34.70%;55.50%;60.80%;81;205.74
233;Blake Griffin;FALSE;Det;F;30.07;75;35;550;0.753;819;52.50%;522;36.20%;53.20%;58.10%;82;208.28
234;Daniel Hamilton;FALSE;Atl;G-F;23.67;19;10.7;6;0.5;37;40.50%;23;34.80%;45.00%;45.50%;79;200.66
235;Dusty Hannahs;FALSE;Mem;G;25.61;2;13;2;1;7;42.90%;5;0.00%;25.00%;31.10%;76;193.04
236;Tim Hardaway Jr.;TRUE;Nyk;G;27.07;46;32.6;233;0.854;389;42.40%;337;34.70%;46.90%;53.10%;78;198.12
237;Tim Hardaway Jr.;TRUE;Dal;G;27.07;19;29.3;43;0.767;127;49.60%;140;32.10%;48.90%;51.40%;78;198.12
238;James Harden;FALSE;Hou;G;29.63;78;36.8;858;0.879;881;52.80%;1028;36.80%;54.10%;61.60%;77;195.58
239;Maurice Harkless;FALSE;Por;F;25.92;60;23.6;73;0.671;268;58.20%;120;27.50%;53.00%;54.70%;81;205.74
240;Montrezl Harrell;FALSE;Lac;F-C;25.21;82;26.3;414;0.643;871;62.30%;17;17.60%;61.70%;63.60%;80;203.2
241;Devin Harris;FALSE;Dal;G;36.12;68;15.7;134;0.761;147;47.60%;200;31.00%;47.00%;52.70%;75;190.5
242;Gary Harris;FALSE;Den;G;24.57;57;28.8;144;0.799;394;47.70%;242;33.90%;48.90%;52.70%;76;193.04
243;Joe Harris;FALSE;Bro;G-F;27.59;76;30.2;133;0.827;363;52.60%;386;47.40%;62.10%;64.50%;78;198.12
244;Andrew Harrison;TRUE;Mem;G;24.47;1;4.5;0;0;1;100.00%;1;0.00%;50.00%;50.00%;78;198.12
245;Andrew Harrison;TRUE;Cle;G;24.47;10;14.4;16;1;25;36.00%;14;21.40%;34.60%;46.70%;78;198.12
246;Andrew Harrison;TRUE;Nor;G;24.47;6;6.3;2;0.5;2;50.00%;10;20.00%;33.30%;34.90%;78;198.12
247;Shaquille Harrison;FALSE;Chi;G;25.51;73;19.6;123;0.667;337;47.50%;89;27.00%;46.00%;49.40%;76;193.04
248;Tobias Harris;TRUE;Lac;F;26.74;55;34.6;219;0.877;596;52.30%;258;43.40%;56.20%;60.60%;81;205.74
249;Tobias Harris;TRUE;Phi;F;26.74;27;35;88;0.841;264;54.20%;135;32.60%;52.40%;56.20%;81;205.74
250;Isaiah Hartenstein;FALSE;Hou;F-C;20.93;28;7.9;14;0.786;35;51.40%;6;33.30%;51.20%;56.20%;84;213.36
251;Josh Hart;FALSE;Lal;G;24.1;67;25.6;80;0.688;190;51.10%;274;33.60%;50.60%;52.60%;77;195.58
252;Udonis Haslem;FALSE;Mia;F;38.84;10;7.5;4;0.75;21;52.40%;12;0.00%;33.30%;36.00%;80;203.2
253;Gordon Hayward;FALSE;Bos;F;29.05;72;25.9;187;0.834;404;54.20%;231;33.30%;52.70%;57.50%;80;203.2
254;John Henson;FALSE;Mil;F;28.29;14;13.5;10;0.6;36;55.60%;31;35.50%;54.50%;55.30%;83;210.82
255;Juancho Hernangomez;FALSE;Den;F;23.54;70;19.4;86;0.767;132;54.50%;181;36.50%;54.60%;58.10%;81;205.74
256;Willy Hernangomez;FALSE;Cha;C;24.87;58;14;144;0.694;257;53.70%;39;38.50%;54.20%;58.60%;83;210.82
257;Mario Hezonja;FALSE;Nyk;F;24.12;58;20.8;114;0.763;312;47.80%;152;27.60%;45.70%;49.70%;80;203.2
258;Isaiah Hicks;FALSE;Nyk;F;24.72;3;10.8;5;0.8;8;50.00%;0;0.00%;50.00%;58.80%;81;205.74
259;Buddy Hield;FALSE;Sac;G;25.32;82;31.9;193;0.886;709;48.70%;651;42.70%;56.00%;58.70%;76;193.04
260;Haywood Highsmith;FALSE;Phi;F;22.34;5;8;2;0;5;60.00%;5;20.00%;45.00%;41.40%;76;193.04
261;George Hill;TRUE;Cle;G;32.94;13;26.5;20;0.85;79;53.20%;28;46.40%;57.50%;60.40%;75;190.5
262;George Hill;TRUE;Mil;G;32.94;47;20.4;65;0.815;144;55.60%;125;28.00%;49.30%;53.40%;75;190.5
263;Solomon Hill;FALSE;Nor;F;28.07;44;20;32;0.719;77;46.80%;101;31.70%;47.20%;49.70%;79;200.66
264;Aaron Holiday;FALSE;Ind;G;22.53;50;12.9;50;0.82;135;45.90%;127;33.90%;48.30%;51.80%;73;185.42
265;Jrue Holiday;FALSE;Nor;G;28.83;67;35.8;271;0.768;796;53.90%;363;32.50%;52.30%;55.50%;76;193.04
266;Justin Holiday;TRUE;Chi;G;30.02;38;34.9;46;0.891;124;43.50%;270;35.90%;50.60%;53.10%;78;198.12
267;Justin Holiday;TRUE;Mem;F-G;30.02;44;29.1;60;0.9;188;44.70%;195;33.30%;47.40%;50.90%;78;198.12
268;John Holland;FALSE;Cle;G;30.43;1;0.7;0;0;0;0.00%;0;0.00%;0.00%;0.00%;77;195.58
269;Rondae Hollis-Jefferson;FALSE;Bro;F;24.27;59;20.9;183;0.645;438;43.60%;49;18.40%;42.00%;46.40%;79;200.66
270;Richaun Holmes;FALSE;Pho;F-C;25.49;70;16.9;175;0.731;365;60.80%;0;0.00%;60.80%;64.70%;82;208.28
271;Rodney Hood;TRUE;Cle;G;26.47;45;27.4;114;0.912;302;46.00%;152;36.20%;48.80%;54.20%;80;203.2
272;Rodney Hood;TRUE;Por;G;26.47;27;24.4;41;0.805;133;51.90%;84;34.50%;51.80%;54.90%;80;203.2
273;Al Horford;FALSE;Bos;F-C;32.86;68;29;97;0.825;520;60.40%;203;36.00%;58.60%;60.50%;82;208.28
274;Danuel House Jr.;FALSE;Hou;F-G;25.84;39;25.1;71;0.789;74;59.50%;178;41.60%;61.50%;64.60%;79;200.66
275;Dwight Howard;FALSE;Was;C;33.34;9;25.5;48;0.604;69;62.30%;0;0.00%;62.30%;63.80%;83;210.82
276;Kevin Huerter;FALSE;Atl;G;20.62;75;27.3;56;0.732;304;45.70%;354;38.40%;52.10%;53.20%;79;200.66
277;Isaac Humphries;FALSE;Atl;C;21.26;5;11.3;0;0;10;30.00%;11;27.30%;35.70%;35.70%;83;210.82
278;RJ Hunter;FALSE;Bos;G;25.46;1;25.7;2;0.5;3;66.70%;10;40.00%;61.50%;61.20%;77;195.58
279;Chandler Hutchison;FALSE;Chi;F;22.96;44;20.3;38;0.605;159;51.60%;50;28.00%;49.30%;50.70%;79;200.66
280;Serge Ibaka;FALSE;Tor;F-C;29.56;74;27.2;177;0.763;708;58.60%;169;29.00%;55.70%;58.20%;82;208.28
281;Andre Iguodala;FALSE;Gol;G-F;35.2;68;23.2;67;0.582;158;65.20%;144;33.30%;57.90%;58.70%;78;198.12
282;Ersan Ilyasova;FALSE;Mil;F;31.91;67;18.4;74;0.824;221;49.30%;160;36.30%;51.40%;54.80%;82;208.28
283;Joe Ingles;FALSE;Uta;F;31.52;82;31.3;123;0.707;319;53.30%;483;39.10%;56.50%;58.10%;80;203.2
284;Andre Ingram;FALSE;Lal;G;33.39;4;3.7;0;0;3;0.00%;3;0.00%;0.00%;0.00%;75;190.5
285;Brandon Ingram;FALSE;Lal;F;21.61;52;33.9;289;0.675;634;52.20%;94;33.00%;51.90%;55.50%;81;205.74
286;Kyrie Irving;FALSE;Bos;G;27.05;67;33;245;0.873;807;53.30%;434;40.10%;55.70%;59.20%;75;190.5
287;Jonathan Isaac;FALSE;Orl;F;21.52;75;26.6;135;0.815;345;51.00%;266;32.30%;49.90%;53.70%;82;208.28
288;Wes Iwundu;FALSE;Orl;F;24.31;68;18.1;103;0.816;195;43.10%;79;36.70%;46.50%;53.10%;79;200.66
289;Jaren Jackson Jr.;FALSE;Mem;F-C;19.57;58;26.1;197;0.766;448;55.10%;142;35.90%;54.80%;59.00%;83;210.82
290;Demetrius Jackson;FALSE;Phi;G;24.59;6;6.6;4;1;9;66.70%;6;33.30%;60.00%;65.60%;73;185.42
291;Frank Jackson;FALSE;Nor;G;20.94;61;19.2;73;0.74;278;50.70%;170;31.20%;49.20%;51.50%;75;190.5
292;Josh Jackson;FALSE;Pho;F;22.16;79;25.2;213;0.671;616;44.50%;225;32.40%;45.60%;48.70%;80;203.2
293;Justin Jackson;TRUE;Sac;F;24.04;52;20.8;50;0.82;136;51.50%;159;34.60%;51.70%;54.60%;80;203.2
294;Justin Jackson;TRUE;Dal;F;24.04;29;18.3;29;0.724;104;57.70%;86;37.20%;56.80%;58.40%;80;203.2
295;Reggie Jackson;FALSE;Det;G;28.99;82;27.9;236;0.864;576;46.40%;471;36.90%;50.40%;54.70%;75;190.5
296;LeBron James;FALSE;Lal;F;34.28;55;35.2;418;0.665;768;58.20%;327;33.90%;56.00%;58.80%;80;203.2
297;Amile Jefferson;FALSE;Orl;F;25.93;12;5.7;8;0.875;16;62.50%;0;0.00%;62.50%;69.20%;81;205.74
298;John Jenkins;TRUE;Was;G;28.1;4;3.6;0;0;0;0.00%;2;100.00%;150.00%;150.00%;76;193.04
299;John Jenkins;TRUE;Nyk;G;28.1;22;14.5;18;0.833;46;43.50%;57;35.10%;48.50%;51.80%;76;193.04
300;Jonas Jerebko;FALSE;Gol;F;32.11;73;16.7;80;0.8;167;56.30%;188;36.70%;55.60%;58.80%;82;208.28
301;Alize Johnson;TRUE;Ind;F;22.97;14;4.6;8;0.5;14;21.40%;2;50.00%;28.10%;33.30%;81;205.74
302;Amir Johnson;TRUE;Phi;C-F;31.95;51;10.4;41;0.756;117;57.30%;40;30.00%;54.10%;57.40%;81;205.74
303;BJ Johnson;TRUE;Atl;F;23.31;6;7.2;2;1;10;50.00%;6;50.00%;59.40%;62.20%;79;200.66
304;BJ Johnson;TRUE;Sac;F;23.31;1;6.1;0;0;1;100.00%;1;0.00%;50.00%;50.00%;79;200.66
305;James Johnson;FALSE;Mia;F;32.14;55;21.2;70;0.714;230;49.60%;149;33.60%;49.90%;52.20%;80;203.2
306;Stanley Johnson;TRUE;Det;F;22.87;48;20;51;0.804;168;48.80%;181;28.20%;45.40%;48.20%;79;200.66
307;Stanley Johnson;TRUE;Nor;F;22.87;18;13.7;13;0.692;57;47.40%;34;32.40%;47.80%;49.60%;79;200.66
308;Tyler Johnson;TRUE;Mia;G;26.93;44;25.5;88;0.693;197;50.30%;204;35.30%;51.60%;54.00%;76;193.04
309;Tyler Johnson;TRUE;Pho;G;26.93;13;31.2;39;0.872;69;40.60%;56;32.10%;44.00%;50.60%;76;193.04
310;Wesley Johnson;TRUE;Nor;F-G;31.75;26;14.5;9;0.667;38;42.10%;50;38.00%;50.60%;51.70%;79;200.66
311;Wesley Johnson;TRUE;Was;F-G;31.75;12;13.1;10;0.7;14;28.60%;26;23.10%;32.50%;37.20%;79;200.66
312;Nikola Jokic;FALSE;Den;C;24.14;80;31.3;352;0.821;936;56.90%;270;30.70%;54.50%;58.90%;84;213.36
313;Derrick Jones Jr.;FALSE;Mia;F-G;22.15;60;19.2;122;0.607;234;56.40%;91;30.80%;53.50%;55.70%;79;200.66
314;Damian Jones;FALSE;Gol;C;23.78;24;17.1;37;0.649;74;71.60%;0;0.00%;71.60%;72.00%;84;213.36
315;Jalen Jones;FALSE;Cle;F;25.87;16;13.4;27;0.704;34;47.10%;28;35.70%;50.00%;54.80%;79;200.66
316;Jemerrio Jones;FALSE;Lal;F;24.01;6;23.9;2;0.5;23;43.50%;10;20.00%;39.40%;39.80%;77;195.58
317;Terrence Jones;FALSE;Hou;F;27.25;2;2.6;1;0;2;50.00%;2;0.00%;25.00%;22.50%;81;205.74
318;Tyus Jones;FALSE;Min;G;22.92;68;22.9;69;0.841;320;45.30%;126;31.70%;46.00%;49.10%;72;182.88
319;DeAndre Jordan;TRUE;Dal;C;30.72;50;31.1;198;0.682;323;64.40%;0;0.00%;64.40%;67.20%;83;210.82
320;DeAndre Jordan;TRUE;Nyk;C;30.72;19;26;66;0.773;123;63.40%;0;0.00%;63.40%;68.10%;83;210.82
321;Cory Joseph;FALSE;Ind;G;27.64;82;25.2;43;0.698;377;45.40%;171;32.20%;46.30%;47.40%;75;190.5
322;Frank Kaminsky;FALSE;Cha;F-C;26.02;47;16.1;107;0.738;160;55.00%;139;36.00%;54.50%;58.50%;84;213.36
323;Enes Kanter;TRUE;Nyk;C;26.89;44;25.6;129;0.814;446;54.70%;22;31.80%;54.40%;58.50%;83;210.82
324;Enes Kanter;TRUE;Por;C;26.89;23;22.2;68;0.735;203;59.60%;12;25.00%;58.40%;61.40%;83;210.82
325;Luke Kennard;FALSE;Det;G;22.8;63;22.8;61;0.836;251;48.60%;269;39.40%;54.00%;56.00%;77;195.58
326;Michael Kidd-Gilchrist;FALSE;Cha;F;25.54;64;18.4;123;0.772;285;49.80%;47;34.00%;50.00%;55.30%;79;200.66
327;George King;FALSE;Pho;F;25.24;1;5.9;0;0;0;0.00%;0;0.00%;0.00%;0.00%;78;198.12
328;Maxi Kleber;FALSE;Dal;F;27.2;71;21.2;74;0.784;168;58.30%;218;35.30%;55.30%;57.90%;83;210.82
329;Brandon Knight;TRUE;Hou;G;27.36;12;9.8;11;0.818;15;40.00%;32;15.60%;28.70%;34.70%;75;190.5
330;Brandon Knight;TRUE;Cle;G;27.36;27;22.9;23;0.783;116;44.80%;97;37.10%;49.80%;51.50%;75;190.5
331;Kevin Knox;FALSE;Nyk;F;19.67;75;28.8;226;0.717;551;38.70%;364;34.30%;43.80%;47.50%;81;205.74
332;Furkan Korkmaz;FALSE;Phi;G-F;21.72;48;14.2;44;0.818;101;50.50%;144;32.60%;49.60%;52.80%;79;200.66
333;Luke Kornet;FALSE;Nyk;F-C;23.74;46;17;46;0.826;90;41.10%;193;36.30%;50.20%;53.10%;85;215.9
334;Kyle Korver;TRUE;Cle;G-F;38.07;16;15.7;16;0.813;22;45.50%;54;46.30%;62.50%;65.00%;79;200.66
335;Kyle Korver;TRUE;Uta;G-F;38.07;54;20;57;0.825;113;46.90%;294;38.40%;54.70%;56.90%;79;200.66
336;Kosta Koufos;FALSE;Sac;C;30.13;42;11.9;24;0.417;153;47.70%;0;0.00%;47.70%;47.70%;84;213.36
337;Rodions Kurucs;FALSE;Bro;F;21.18;63;20.5;92;0.783;265;54.30%;184;31.50%;51.40%;54.50%;81;205.74
338;Kyle Kuzma;FALSE;Lal;F;23.72;70;33.1;250;0.752;665;55.30%;422;30.30%;51.50%;54.60%;81;205.74
339;Skal Labissiere;TRUE;Sac;F;23.06;13;8.7;11;0.545;19;47.40%;11;36.40%;50.00%;51.70%;83;210.82
340;Skal Labissiere;TRUE;Por;F;23.06;9;7;6;0.5;17;64.70%;2;100.00%;73.70%;71.60%;83;210.82
341;Jeremy Lamb;FALSE;Cha;G;26.86;79;28.5;260;0.888;648;48.80%;330;34.80%;49.90%;55.30%;77;195.58
342;Zach LaVine;FALSE;Chi;G;24.09;63;34.5;375;0.832;814;50.40%;321;37.40%;52.00%;57.40%;77;195.58
343;Jake Layman;FALSE;Por;F;25.1;71;18.7;71;0.704;243;64.60%;181;32.60%;57.90%;59.40%;81;205.74
344;TJ Leaf;FALSE;Ind;F;21.95;58;9;31;0.613;152;59.90%;31;25.80%;56.30%;57.20%;82;208.28
345;Courtney Lee;TRUE;Nyk;G;33.52;12;13.4;14;0.643;31;51.60%;16;31.30%;50.00%;52.70%;77;195.58
346;Courtney Lee;TRUE;Dal;G;33.52;22;12.2;7;0.714;43;48.80%;39;28.20%;45.70%;47.00%;77;195.58
347;Damion Lee;FALSE;Gol;G;26.47;32;11.7;22;0.864;59;49.20%;68;39.70%;54.70%;57.80%;78;198.12
348;Walter Lemon Jr.;FALSE;Chi;G;27.71;6;27.9;11;0.727;82;43.90%;5;40.00%;44.80%;46.80%;75;190.5
349;Alex Len;FALSE;Atl;C;25.82;77;20.1;216;0.648;444;55.40%;204;36.30%;55.10%;57.50%;85;215.9
350;Kawhi Leonard;FALSE;Tor;F;27.78;60;34;426;0.854;827;54.20%;302;37.10%;54.60%;60.60%;79;200.66
351;Meyers Leonard;FALSE;Por;F-C;27.12;61;14.4;51;0.843;131;62.60%;111;45.00%;64.90%;67.50%;85;215.9
352;Jon Leuer;FALSE;Det;F;29.91;41;9.8;31;0.742;102;63.70%;12;8.30%;58.30%;61.10%;82;208.28
353;Caris LeVert;FALSE;Bro;G;24.63;40;26.6;123;0.691;330;48.20%;154;31.20%;47.70%;50.80%;79;200.66
354;Damian Lillard;FALSE;Por;G;28.74;80;35.5;513;0.912;890;49.90%;643;36.90%;52.20%;58.80%;75;190.5
355;Jeremy Lin;TRUE;Atl;G;30.63;51;19.7;168;0.845;254;53.50%;132;33.30%;52.30%;59.40%;75;190.5
356;Jeremy Lin;TRUE;Tor;G;30.63;23;18.8;42;0.81;100;47.00%;55;20.00%;41.00%;46.40%;75;190.5
357;Shaun Livingston;FALSE;Gol;G;33.58;64;15.1;51;0.784;208;52.40%;2;0.00%;51.90%;55.50%;79;200.66
358;Zach Lofton;FALSE;Det;G;26.39;1;3.8;0;0;0;0.00%;1;0.00%;0.00%;0.00%;76;193.04
359;Kevon Looney;FALSE;Gol;F;23.18;80;18.5;105;0.619;338;63.90%;10;10.00%;62.50%;63.40%;81;205.74
360;Brook Lopez;FALSE;Mil;C;31.03;81;28.7;133;0.842;273;61.50%;512;36.50%;57.10%;59.80%;84;213.36
361;Robin Lopez;FALSE;Chi;C;31.03;74;21.7;123;0.724;504;58.90%;31;22.60%;57.50%;59.80%;84;213.36
362;Kevin Love;FALSE;Cle;F-C;30.59;22;27.2;114;0.904;136;41.20%;147;36.10%;47.90%;56.10%;82;208.28
363;Kyle Lowry;FALSE;Tor;G;33.05;65;34.1;194;0.83;286;51.40%;453;34.70%;51.80%;56.20%;73;185.42
364;Jordan Loyd;FALSE;Tor;G;25.71;12;4.6;11;0.818;10;40.00%;8;50.00%;55.60%;63.50%;76;193.04
365;Kalin Lucas;FALSE;Det;G;29.88;1;5.6;2;1;0;0.00%;1;0.00%;0.00%;53.20%;73;185.42
366;Timothe Luwawu-Cabarrot;TRUE;Okc;G-F;23.92;21;5.8;6;0.667;21;38.10%;22;22.70%;36.00%;38.30%;78;198.12
367;Timothe Luwawu-Cabarrot;TRUE;Chi;G-F;23.92;29;18.8;35;0.771;81;46.90%;94;33.00%;48.30%;51.50%;78;198.12
368;Tyler Lydon;FALSE;Den;F;23;25;3.7;3;0.333;8;62.50%;10;40.00%;61.10%;59.50%;82;208.28
369;Trey Lyles;FALSE;Den;F;23.43;63;17.8;116;0.698;294;53.10%;200;25.50%;47.10%;50.10%;82;208.28
370;Scott Machado;FALSE;Lal;G;28.84;4;4.8;1;1;5;60.00%;1;100.00%;75.00%;77.60%;73;185.42
371;Shelvin Mack;FALSE;Mem;G;28.97;53;22.7;75;0.707;261;44.10%;128;35.90%;47.30%;49.90%;75;190.5
372;Shelvin Mack;FALSE;Cha;G;28.97;4;10.6;9;0.556;12;16.70%;2;0.00%;14.30%;25.10%;75;190.5
373;Daryl Macon;FALSE;Dal;G;23.37;8;11.2;7;0.571;16;31.30%;11;45.50%;46.30%;48.20%;75;190.5
374;J.P. Macura;FALSE;Cha;G;23.85;2;8.4;0;0;5;60.00%;4;0.00%;33.30%;33.30%;77;195.58
375;Ian Mahinmi;FALSE;Was;C;32.43;34;14.6;61;0.689;89;49.40%;16;18.80%;46.20%;52.70%;83;210.82
376;Thon Maker;FALSE;Mil;F;22.12;35;11.7;37;0.541;56;58.90%;78;33.30%;53.70%;54.60%;85;215.9
377;Thon Maker;FALSE;Det;F;22.12;29;19.4;47;0.766;59;45.80%;75;30.70%;45.90%;51.40%;85;215.9
378;Boban Marjanovic;TRUE;Lac;C;30.65;34;11.1;95;0.758;138;61.60%;2;0.00%;60.70%;66.60%;87;220.98
379;Boban Marjanovic;TRUE;Phi;C;30.65;22;13.9;36;0.722;112;63.40%;8;50.00%;64.20%;66.30%;87;220.98
380;Lauri Markkanen;FALSE;Chi;F;21.89;52;32.3;195;0.872;463;47.90%;332;36.10%;50.60%;55.30%;84;213.36
381;Jarell Martin;FALSE;Orl;F;24.88;42;7.8;11;0.818;47;48.90%;57;35.10%;51.00%;52.80%;82;208.28
382;Frank Mason;FALSE;Sac;G;25.02;38;11.5;57;0.684;105;54.30%;64;21.90%;46.20%;50.20%;71;180.34
383;Yante Maten;FALSE;Mia;F;22.66;2;6.5;0;0;3;33.30%;1;0.00%;25.00%;25.00%;80;203.2
384;Wesley Matthews;TRUE;Dal;G-F;32.49;44;29.8;110;0.791;206;45.60%;263;38.00%;52.00%;55.60%;77;195.58
385;Wesley Matthews;TRUE;Nyk;G-F;32.49;2;27;5;0.8;9;22.20%;10;20.00%;26.30%;33.00%;77;195.58
386;Wesley Matthews;TRUE;Ind;G-F;32.49;23;31.5;48;0.854;81;40.70%;130;36.90%;49.80%;54.10%;77;195.58
387;Luc Mbah a;FALSE;Lac;F;32.59;4;15.3;5;0.4;12;50.00%;6;33.30%;50.00%;49.50%;80;203.2
388;Tahjere McCall;FALSE;Bro;G;24.65;1;8;1;0;2;100.00%;1;0.00%;66.70%;58.10%;76;193.04
389;Patrick McCaw;TRUE;Cle;G;23.46;3;17.6;0;0;5;20.00%;4;25.00%;27.80%;27.80%;79;200.66
390;Patrick McCaw;TRUE;Tor;G;23.46;26;13.2;15;0.867;30;53.30%;24;33.30%;51.90%;56.90%;79;200.66
391;CJ McCollum;FALSE;Por;G;27.56;70;33.9;192;0.828;798;50.60%;445;37.50%;52.70%;55.30%;75;190.5
392;T.J. McConnell;FALSE;Phi;G;27.04;76;19.3;37;0.784;377;54.60%;43;32.60%;54.00%;55.40%;74;187.96
393;Doug McDermott;FALSE;Ind;F;27.27;77;17.4;79;0.835;217;56.70%;206;40.80%;58.90%;61.60%;80;203.2
394;JaVale McGee;FALSE;Lal;C;31.23;75;22.3;152;0.632;629;63.40%;12;8.30%;62.50%;63.40%;84;213.36
395;Rodney McGruder;FALSE;Mia;G-F;27.7;66;23.5;72;0.722;236;45.30%;227;34.80%;48.70%;50.80%;76;193.04
396;Alfonzo McKinnie;FALSE;Gol;F;26.56;72;13.9;48;0.563;158;58.20%;118;35.60%;56.20%;56.70%;80;203.2
397;Ben McLemore;FALSE;Sac;G;26.16;19;8.3;12;0.667;23;34.80%;41;41.50%;52.30%;54.10%;77;195.58
398;Jordan McRae;FALSE;Was;G;28.04;27;12.3;35;0.8;95;53.70%;35;28.60%;50.80%;55.00%;77;195.58
399;Jodie Meeks;FALSE;Tor;G;31.64;8;13;1;1;21;61.90%;18;44.40%;64.10%;64.70%;76;193.04
400;Salah Mejri;FALSE;Dal;C;32.82;36;11.1;32;0.625;78;56.40%;34;32.40%;54.00%;55.90%;86;218.44
401;De'Anthony Melton;FALSE;Pho;G;20.87;50;19.7;28;0.75;161;44.10%;95;30.50%;44.70%;46.60%;76;193.04
402;Chimezie Metu;FALSE;San;F;22.06;29;5;17;0.765;56;33.90%;2;0.00%;32.80%;38.90%;82;208.28
403;Khris Middleton;FALSE;Mil;F;27.66;77;31.1;258;0.837;674;48.50%;474;37.80%;51.90%;55.80%;80;203.2
404;CJ Miles;TRUE;Tor;F-G;32.07;40;14.1;44;0.795;69;39.10%;137;31.40%;44.40%;48.40%;78;198.12
405;CJ Miles;TRUE;Mem;F-G;32.07;13;22.6;14;0.929;39;46.20%;66;36.40%;51.40%;54.40%;78;198.12
406;Darius Miller;FALSE;Nor;F;29.06;69;25.5;71;0.789;120;46.70%;364;36.50%;52.80%;55.00%;80;203.2
407;Malcolm Miller;FALSE;Tor;F;26.1;10;6.7;4;0.75;5;20.00%;21;47.60%;61.50%;63.00%;79;200.66
408;Paul Millsap;FALSE;Den;F;34.16;70;27.1;249;0.727;507;52.10%;159;36.50%;52.70%;56.90%;80;203.2
409;Patty Mills;FALSE;San;G;30.66;82;23.3;105;0.848;259;47.50%;404;39.40%;54.50%;57.20%;72;182.88
410;Shake Milton;FALSE;Phi;G;22.54;20;13.4;7;0.714;43;46.50%;44;31.80%;47.10%;48.30%;78;198.12
411;Nikola Mirotic;TRUE;Nor;F;28.16;32;28.9;101;0.842;176;55.10%;231;36.80%;55.20%;59.10%;82;208.28
412;Nikola Mirotic;TRUE;Mil;F;28.16;14;22.9;23;0.87;48;52.10%;87;35.60%;53.00%;56.20%;82;208.28
413;Donovan Mitchell;FALSE;Uta;G;22.59;77;33.7;396;0.806;1010;46.80%;520;36.20%;49.30%;53.70%;75;190.5
414;Naz Mitrou-Long;FALSE;Uta;G;25.69;14;6;2;1;9;44.40%;11;18.20%;35.00%;38.30%;76;193.04
415;Malik Monk;FALSE;Cha;G;21.18;73;17.2;102;0.882;256;46.10%;330;33.00%;48.00%;51.80%;75;190.5
416;Greg Monroe;TRUE;Tor;C;28.85;38;11.1;61;0.574;157;47.10%;4;0.00%;46.00%;48.70%;83;210.82
417;Greg Monroe;TRUE;Bos;C;28.85;2;2.4;0;0;5;60.00%;0;0.00%;60.00%;60.00%;83;210.82
418;Greg Monroe;TRUE;Phi;C;28.85;3;17.5;11;0.909;22;63.60%;1;100.00%;67.40%;73.60%;83;210.82
419;E'Twaun Moore;FALSE;Nor;G;30.12;53;27.6;59;0.763;356;50.60%;176;43.20%;55.30%;56.70%;76;193.04
420;Eric Moreland;TRUE;Pho;F-C;27.3;1;5;0;0;0;0.00%;0;0.00%;0.00%;0.00%;82;208.28
421;Eric Moreland;TRUE;Tor;F-C;27.3;4;9.6;0;0;6;33.30%;1;100.00%;50.00%;50.00%;82;208.28
422;Jaylen Morris;FALSE;Mil;G;23.56;4;7.1;2;0.5;7;42.90%;3;33.30%;45.00%;46.00%;77;195.58
423;Marcus Morris;FALSE;Bos;F;29.61;75;27.9;173;0.844;455;50.80%;389;37.50%;53.30%;56.80%;81;205.74
424;Markieff Morris;TRUE;Was;F;29.61;34;26;73;0.781;184;51.60%;144;33.30%;50.90%;54.30%;82;208.28
425;Markieff Morris;TRUE;Okc;F;29.61;24;16.1;19;0.737;97;42.30%;59;33.90%;45.50%;47.50%;82;208.28
426;Monte Morris;FALSE;Den;G;23.79;82;24;81;0.802;475;53.10%;227;41.40%;56.00%;57.70%;75;190.5
427;Donatas Motiejunas;FALSE;San;F-C;28.56;3;4.3;2;0;6;50.00%;0;0.00%;50.00%;43.60%;84;213.36
428;Johnathan Motley;FALSE;Lac;F;23.94;22;7.1;40;0.6;70;55.70%;3;0.00%;53.40%;56.30%;82;208.28
429;Emmanuel Mudiay;FALSE;Nyk;G;23.1;59;27.2;186;0.774;531;49.20%;209;33.00%;49.30%;53.10%;77;195.58
430;Jamal Murray;FALSE;Den;G;22.13;75;32.6;223;0.848;759;47.60%;414;36.70%;50.20%;53.80%;76;193.04
431;Dzanan Musa;FALSE;Bro;G-F;19.93;9;4.4;2;0;12;66.70%;10;10.00%;43.20%;41.50%;81;205.74
432;Mike Muscala;TRUE;Phi;F-C;27.78;47;22.2;77;0.818;79;51.90%;199;34.20%;51.40%;56.00%;83;210.82
433;Mike Muscala;TRUE;Lal;F-C;27.78;17;15.6;8;0.875;26;57.70%;57;36.80%;56.00%;57.80%;83;210.82
434;Svi Mykhailiuk;TRUE;Lal;F;21.84;39;10.8;20;0.6;46;37.00%;85;31.80%;43.90%;45.40%;80;203.2
435;Svi Mykhailiuk;TRUE;Det;G;21.84;3;6.6;0;0;4;0.00%;4;50.00%;37.50%;37.50%;80;203.2
436;Abdel Nader;FALSE;Okc;F;25.54;61;11.4;36;0.75;115;51.30%;100;32.00%;49.80%;52.20%;78;198.12
437;Larry Nance Jr.;FALSE;Cle;F;26.27;67;26.8;134;0.716;381;56.70%;98;33.70%;55.40%;58.30%;81;205.74
438;Shabazz Napier;FALSE;Bro;G;27.74;56;17.6;138;0.833;207;44.90%;228;33.30%;47.60%;53.40%;73;185.42
439;Nene Nene;FALSE;Hou;C-F;36.58;42;13;47;0.66;113;53.10%;3;0.00%;51.70%;55.20%;83;210.82
440;Raul Neto;FALSE;Uta;G;26.89;37;12.8;33;0.848;101;53.50%;60;33.30%;52.20%;55.80%;73;185.42
441;Georges Niang;FALSE;Uta;F;25.82;59;8.8;24;0.833;76;56.60%;105;41.00%;59.40%;61.30%;80;203.2
442;Joakim Noah;FALSE;Mem;C;34.12;42;16.5;109;0.716;212;51.90%;1;0.00%;51.60%;57.10%;83;210.82
443;Nerlens Noel;FALSE;Okc;F-C;25;77;13.7;79;0.684;276;58.70%;0;0.00%;58.70%;60.80%;83;210.82
444;Dirk Nowitzki;FALSE;Dal;F;40.81;51;15.6;50;0.78;171;41.50%;205;31.20%;44.40%;46.90%;84;213.36
445;Frank Ntilikina;FALSE;Nyk;G;20.7;43;21;30;0.767;167;37.10%;115;28.70%;39.50%;41.70%;78;198.12
446;James Nunnally;TRUE;Min;F;28.74;13;4.9;4;1;8;50.00%;13;38.50%;54.80%;59.30%;79;200.66
447;James Nunnally;TRUE;Hou;F;28.74;2;18.8;0;0;1;0.00%;12;25.00%;34.60%;34.60%;79;200.66
448;Jusuf Nurkic;FALSE;Por;C;24.63;72;27.4;365;0.773;797;52.30%;29;10.30%;51.00%;57.00%;84;213.36
449;David Nwaba;FALSE;Cle;G;26.24;51;19.3;85;0.682;188;54.30%;75;32.00%;52.50%;55.60%;76;193.04
450;Semi Ojeleye;FALSE;Bos;F;24.35;56;10.6;39;0.615;69;56.50%;89;31.50%;51.30%;53.10%;79;200.66
451;Jahlil Okafor;FALSE;Nor;C;23.32;59;15.8;89;0.663;357;59.10%;5;20.00%;58.70%;60.30%;83;210.82
452;Elie Okobo;FALSE;Pho;G;21.47;53;18.1;47;0.787;158;47.50%;132;29.50%;46.00%;48.90%;75;190.5
453;Josh Okogie;FALSE;Min;G;20.61;74;23.7;162;0.728;293;46.40%;215;27.90%;44.50%;49.20%;76;193.04
454;Victor Oladipo;FALSE;Ind;G;26.93;36;31.9;141;0.73;372;47.00%;216;34.30%;48.60%;51.90%;76;193.04
455;Kelly Olynyk;FALSE;Mia;F;27.98;79;22.9;185;0.822;245;60.40%;319;35.40%;56.30%;61.00%;84;213.36
456;Royce O'Neale;FALSE;Uta;F;25.85;82;20.4;42;0.762;167;56.90%;176;38.60%;57.40%;58.90%;78;198.12
457;Kyle O'Quinn;FALSE;Ind;C;29.04;45;8.2;21;0.81;124;54.80%;12;8.30%;51.10%;53.70%;82;208.28
458;Cedi Osman;FALSE;Cle;F;24.01;76;32.2;181;0.779;469;49.00%;374;34.80%;50.40%;53.70%;80;203.2
459;Kelly Oubre Jr.;TRUE;Was;F;23.34;29;26;85;0.8;173;52.60%;132;31.10%;50.00%;54.50%;79;200.66
460;Kelly Oubre Jr.;TRUE;Pho;F;23.34;40;29.5;159;0.761;330;53.30%;206;32.50%;51.60%;55.60%;79;200.66
461;Zaza Pachulia;FALSE;Det;C;35.16;68;12.9;124;0.782;188;45.20%;4;0.00%;44.30%;54.10%;83;210.82
462;Jabari Parker;TRUE;Chi;F;24.07;39;26.7;108;0.731;350;52.30%;114;32.50%;51.40%;54.30%;83;210.82
463;Jabari Parker;TRUE;Was;F;24.07;25;27.3;76;0.684;204;61.30%;81;29.60%;56.50%;58.70%;83;210.82
464;Tony Parker;FALSE;Cha;G;36.9;56;17.9;124;0.734;412;48.50%;51;25.50%;47.40%;51.20%;74;187.96
465;Chandler Parsons;FALSE;Mem;F;30.46;25;19.8;25;0.88;88;44.30%;94;30.90%;45.30%;48.40%;80;203.2
466;Patrick Patterson;FALSE;Okc;F;30.08;63;13.7;30;0.633;82;43.90%;137;33.60%;47.90%;49.30%;82;208.28
467;Justin Patton;FALSE;Phi;C;21.83;3;6.9;2;0.5;5;40.00%;2;0.00%;28.60%;31.70%;84;213.36
468;Chris Paul;FALSE;Hou;G;33.93;58;32;203;0.862;365;47.90%;355;35.80%;50.80%;56.00%;72;182.88
469;Cameron Payne;TRUE;Chi;G;24.67;31;17.3;25;0.88;109;48.60%;59;27.10%;45.80%;49.20%;75;190.5
470;Cameron Payne;TRUE;Cle;G;24.67;9;19.6;16;0.688;30;60.00%;25;36.00%;57.30%;59.60%;75;190.5
471;Gary Payton II;FALSE;Was;G;26.36;3;5.3;0;0;6;66.70%;2;50.00%;68.80%;68.80%;75;190.5
472;Elfrid Payton;FALSE;Nor;G;25.13;42;29.8;74;0.743;307;47.60%;105;31.40%;47.50%;50.20%;75;190.5
473;Theo Pinson;FALSE;Bro;G-F;23.43;18;11.7;22;0.864;27;48.10%;46;26.10%;42.50%;49.00%;78;198.12
474;Mason Plumlee;FALSE;Den;F-C;29.1;82;21.1;198;0.561;432;60.20%;10;20.00%;59.50%;60.20%;83;210.82
475;Miles Plumlee;FALSE;Atl;C;30.61;18;9.6;30;0.533;48;66.70%;0;0.00%;66.70%;65.40%;83;210.82
476;Jakob Poeltl;FALSE;San;C;23.49;77;16.5;92;0.533;289;64.70%;0;0.00%;64.70%;64.20%;84;213.36
477;Quincy Pondexter;FALSE;San;F;31.09;53;5.5;42;0.81;40;57.50%;18;33.30%;55.20%;64.10%;79;200.66
478;Otto Porter Jr.;TRUE;Was;F;25.86;41;29.1;64;0.766;266;51.50%;176;36.90%;53.10%;55.10%;80;203.2
479;Otto Porter Jr.;TRUE;Chi;F;25.86;15;32.8;32;0.906;121;47.90%;80;48.80%;58.00%;60.90%;80;203.2
480;Bobby Portis;TRUE;Chi;F;24.16;22;24.1;50;0.78;199;47.70%;72;37.50%;50.00%;52.90%;83;210.82
481;Bobby Portis;TRUE;Was;F;24.16;28;27.4;47;0.809;238;45.80%;119;40.30%;50.70%;53.00%;83;210.82
482;Dwight Powell;FALSE;Dal;F-C;27.73;77;21.6;254;0.772;358;70.10%;127;30.70%;63.80%;68.30%;87;220.98
483;Norman Powell;FALSE;Tor;F-G;25.88;60;18.8;75;0.827;230;54.30%;170;40.00%;56.80%;59.60%;76;193.04
484;Alex Poythress;FALSE;Atl;F;25.6;21;14.5;29;0.621;58;53.40%;23;39.10%;54.90%;57.10%;81;205.74
485;Taurean Prince;FALSE;Atl;F;25.06;55;28.2;116;0.819;279;49.80%;315;39.00%;54.50%;57.50%;80;203.2
486;Zhou Qi;FALSE;Hou;F-C;23.23;1;1;0;0;1;100.00%;0;0.00%;100.00%;100.00%;85;215.9
487;Ivan Rabb;FALSE;Mem;F;22.18;49;14.7;69;0.71;197;57.40%;15;20.00%;55.40%;58.60%;82;208.28
488;Chasson Randle;FALSE;Was;G;26.18;49;15.2;62;0.694;102;44.10%;115;40.00%;52.50%;55.50%;74;187.96
489;Julius Randle;FALSE;Nor;F;24.37;73;30.6;487;0.731;893;56.40%;195;34.40%;55.60%;60.10%;81;205.74
490;JJ Redick;FALSE;Phi;G;34.8;76;31.3;254;0.894;423;50.10%;605;39.70%;55.60%;60.10%;76;193.04
491;Davon Reed;FALSE;Ind;G;23.83;10;4.7;0;0;8;37.50%;4;50.00%;50.00%;50.00%;78;198.12
492;Cameron Reynolds;FALSE;Min;G;24.17;19;13.7;9;0.889;27;44.40%;51;41.20%;55.80%;58.00%;79;200.66
493;Josh Richardson;FALSE;Mia;F;25.57;73;34.8;231;0.861;567;45.70%;459;35.70%;49.20%;53.60%;78;198.12
494;Malachi Richardson;FALSE;Tor;G;23.26;22;4.7;5;0.8;4;25.00%;25;32.00%;44.80%;48.10%;78;198.12
495;Austin Rivers;TRUE;Was;G;26.69;29;23.5;46;0.543;88;48.90%;106;31.10%;47.70%;49.00%;79;200.66
496;Austin Rivers;TRUE;Hou;G;26.69;47;28.6;49;0.51;157;54.10%;221;32.10%;50.70%;51.10%;79;200.66
497;Glenn Robinson III;FALSE;Det;G-F;25.26;47;13;40;0.8;114;49.10%;61;29.50%;47.40%;51.40%;78;198.12
498;Devin Robinson;FALSE;Was;F;24.1;7;13.5;14;0.643;30;63.30%;2;0.00%;59.40%;61.60%;80;203.2
499;Duncan Robinson;FALSE;Mia;F;24.97;15;10.7;6;0.667;11;72.70%;35;28.60%;50.00%;51.40%;80;203.2
500;Jerome Robinson;FALSE;Lac;G;22.13;33;9.7;9;0.667;53;49.10%;57;31.60%;48.20%;49.10%;77;195.58
501;Mitchell Robinson;FALSE;Nyk;C;21.03;66;20.6;135;0.6;291;69.40%;0;0.00%;69.40%;69.20%;85;215.9
502;Rajon Rondo;FALSE;Lal;G;33.13;46;29.8;36;0.639;290;42.80%;142;35.90%;46.40%;47.30%;73;185.42
503;Derrick Rose;FALSE;Min;G;30.52;51;27.3;160;0.856;607;50.90%;146;37.00%;51.80%;55.70%;75;190.5
504;Terrence Ross;FALSE;Orl;G-F;28.18;81;26.5;144;0.875;461;48.40%;566;38.30%;53.40%;56.10%;79;200.66
505;Terry Rozier;FALSE;Bos;G;25.07;79;22.7;93;0.785;328;42.40%;337;35.30%;47.70%;50.10%;73;185.42
506;Ricky Rubio;FALSE;Uta;G;28.47;68;27.9;228;0.855;476;45.40%;254;31.10%;45.80%;52.00%;76;193.04
507;D'Angelo Russell;FALSE;Bro;G;23.13;81;30.2;205;0.78;882;48.20%;635;36.90%;51.20%;53.30%;77;195.58
508;Domantas Sabonis;FALSE;Ind;F;22.94;74;24.8;291;0.715;685;59.00%;17;52.90%;59.50%;62.80%;83;210.82
509;Brandon Sampson;FALSE;Chi;G;21.95;14;15.3;6;0.667;31;54.80%;29;37.90%;55.80%;56.70%;77;195.58
510;JaKarr Sampson;FALSE;Chi;F;26.06;4;31.8;21;0.81;40;60.00%;14;35.70%;58.30%;63.30%;81;205.74
511;Dario Saric;TRUE;Phi;F;25.01;13;30.5;30;0.9;61;44.30%;71;29.60%;44.30%;49.60%;82;208.28
512;Dario Saric;TRUE;Min;F;25.01;68;23.9;120;0.875;311;51.10%;253;38.30%;54.00%;57.90%;82;208.28
513;Tomas Satoransky;FALSE;Was;G-F;27.45;80;27;160;0.819;368;52.40%;163;39.30%;54.40%;58.90%;79;200.66
514;Dennis Schroder;FALSE;Okc;G;25.57;79;29.3;227;0.819;740;45.00%;364;34.10%;47.00%;50.80%;73;185.42
515;Mike Scott;TRUE;Lac;F;30.74;52;14.4;18;0.667;97;41.20%;133;39.10%;51.30%;52.10%;80;203.2
516;Mike Scott;TRUE;Phi;F;30.74;27;24;15;0.667;71;38.00%;119;41.20%;52.90%;53.70%;80;203.2
517;Thabo Sefolosha;FALSE;Uta;F;34.94;50;12.2;22;0.636;71;52.10%;78;43.60%;59.10%;59.90%;79;200.66
518;Wayne Selden;TRUE;Mem;G-F;24.53;32;14.2;29;0.759;98;45.90%;63;31.70%;46.60%;49.50%;77;195.58
519;Wayne Selden;TRUE;Chi;G-F;24.53;43;22.9;63;0.714;210;45.70%;112;31.30%;46.10%;48.90%;77;195.58
520;Collin Sexton;FALSE;Cle;G;20.27;82;31.8;255;0.839;910;44.00%;296;40.20%;48.00%;52.00%;74;187.96
521;Landry Shamet;TRUE;Phi;G;22.08;54;20.5;54;0.815;102;52.90%;245;40.40%;58.40%;60.60%;77;195.58
522;Landry Shamet;TRUE;Lac;G;22.08;25;27.8;39;0.795;59;32.20%;151;45.00%;57.60%;60.10%;77;195.58
523;Iman Shumpert;TRUE;Sac;G;28.79;42;26.2;41;0.829;146;40.40%;202;36.60%;48.90%;51.10%;77;195.58
524;Iman Shumpert;TRUE;Hou;G;28.79;20;19.1;4;0.5;27;48.10%;71;29.60%;45.40%;45.60%;77;195.58
525;Pascal Siakam;FALSE;Tor;F;25.03;80;31.8;302;0.785;731;60.20%;214;36.90%;59.10%;62.80%;81;205.74
526;Jordan Sibert;FALSE;Atl;G;26.69;1;4.2;0;0;0;0.00%;1;100.00%;150.00%;150.00%;76;193.04
527;Ben Simmons;FALSE;Phi;G-F;22.72;79;34.2;428;0.6;954;56.60%;6;0.00%;56.30%;58.20%;82;208.28
528;Jonathon Simmons;TRUE;Orl;F;29.57;41;20.6;72;0.778;203;41.90%;83;22.90%;39.70%;44.50%;78;198.12
529;Jonathon Simmons;TRUE;Phi;F;29.57;15;14.6;25;0.64;43;46.50%;21;42.90%;52.30%;55.30%;78;198.12
530;Kobi Simmons;FALSE;Cle;G;21.77;1;1.8;0;0;0;0.00%;0;0.00%;0.00%;0.00%;77;195.58
531;Anfernee Simons;FALSE;Por;G;19.84;20;7;16;0.563;34;52.90%;29;34.50%;52.40%;53.50%;76;193.04
532;Marcus Smart;FALSE;Bos;G;25.1;80;27.5;129;0.806;221;51.10%;346;36.40%;53.30%;56.80%;76;193.04
533;Dennis Smith Jr.;TRUE;Dal;G;21.38;32;28.4;82;0.695;233;48.90%;125;34.40%;49.90%;52.50%;75;190.5
534;Dennis Smith Jr.;TRUE;Nyk;G;21.38;21;28.6;74;0.568;210;46.20%;83;28.90%;45.40%;47.30%;75;190.5
535;Ish Smith;FALSE;Det;G;30.77;56;22.3;62;0.758;355;45.40%;135;32.60%;46.30%;48.40%;72;182.88
536;Jason Smith;TRUE;Was;F-C;33.11;12;10.8;12;0.833;27;40.70%;10;40.00%;45.90%;52.00%;84;213.36
537;Jason Smith;TRUE;Mil;F-C;33.11;6;6.8;2;1;4;25.00%;9;33.30%;42.30%;46.80%;84;213.36
538;Jason Smith;TRUE;Nor;F-C;33.11;2;10.2;2;1;2;0.00%;7;28.60%;33.30%;40.50%;84;213.36
539;JR Smith;FALSE;Cle;G-F;33.59;11;20.2;10;0.8;40;37.50%;39;30.80%;41.80%;44.40%;78;198.12
540;Zhaire Smith;FALSE;Phi;G;19.85;6;18.4;8;0.75;18;44.40%;16;37.50%;50.00%;53.30%;76;193.04
541;Tony Snell;FALSE;Mil;G;27.42;74;17.6;42;0.881;157;52.20%;204;39.70%;56.40%;58.50%;79;200.66
542;Ray Spalding;TRUE;Dal;F;22.09;1;0.9;0;0;0;0.00%;0;0.00%;0.00%;0.00%;82;208.28
543;Ray Spalding;TRUE;Pho;F;22.09;13;11.3;12;0.333;44;56.80%;3;0.00%;53.20%;51.60%;82;208.28
544;Omari Spellman;FALSE;Atl;F;21.72;46;17.5;45;0.711;116;46.60%;128;34.40%;49.20%;51.60%;81;205.74
545;Nik Stauskas;TRUE;Por;G;25.51;44;15.3;36;0.889;104;51.00%;125;34.40%;51.30%;54.50%;78;198.12
546;Nik Stauskas;TRUE;Cle;G;25.51;24;14.3;28;0.893;46;28.30%;63;42.90%;49.10%;54.40%;78;198.12
547;DJ Stephens;FALSE;Mem;G-F;28.31;1;6.7;0;0;2;50.00%;0;0.00%;50.00%;50.00%;77;195.58
548;Lance Stephenson;FALSE;Lal;G;28.6;68;16.5;73;0.685;235;47.20%;197;37.10%;51.00%;52.90%;78;198.12
549;Edmond Sumner;FALSE;Ind;G;23.28;23;9.1;24;0.625;37;40.50%;27;25.90%;39.80%;44.30%;78;198.12
550;Caleb Swanigan;TRUE;Por;F;21.98;18;8.1;7;0.857;39;33.30%;5;20.00%;33.00%;37.20%;81;205.74
551;Caleb Swanigan;TRUE;Sac;F;21.98;3;11;2;0;7;57.10%;2;0.00%;44.40%;40.50%;81;205.74
552;Jayson Tatum;FALSE;Bos;F;21.11;79;31.1;226;0.854;725;48.30%;311;37.30%;50.60%;54.60%;80;203.2
553;Jeff Teague;FALSE;Min;G;30.83;42;30.1;153;0.804;311;45.30%;105;33.30%;46.50%;52.80%;74;187.96
554;Garrett Temple;TRUE;Mem;G-F;32.93;49;31.2;76;0.75;177;52.00%;210;35.20%;52.50%;55.10%;78;198.12
555;Garrett Temple;TRUE;Lac;G-F;32.93;26;19.6;31;0.742;51;51.00%;54;29.60%;47.60%;51.80%;78;198.12
556;Milos Teodosic;FALSE;Lac;G;32.06;15;10;7;0.571;13;53.80%;27;37.00%;55.00%;55.70%;77;195.58
557;Jared Terrell;FALSE;Min;G;24.16;14;7.9;6;0.5;21;38.10%;17;23.50%;36.80%;38.10%;75;190.5
558;Emanuel Terry;TRUE;Pho;F;23.64;2;9.8;2;0.5;6;66.70%;0;0.00%;66.70%;65.40%;79;200.66
559;Emanuel Terry;TRUE;Mia;F;23.64;1;3.3;2;0.5;1;0.00%;0;0.00%;0.00%;26.60%;79;200.66
560;Daniel Theis;FALSE;Bos;F;27.02;66;13.8;76;0.737;199;60.30%;67;38.80%;59.80%;62.40%;80;203.2
561;Isaiah Thomas;FALSE;Den;G;30.17;12;15.1;27;0.63;56;39.30%;43;27.90%;40.40%;43.70%;69;175.26
562;Khyri Thomas;FALSE;Det;G;22.92;26;7.5;11;0.636;34;35.30%;35;28.60%;39.10%;41.30%;75;190.5
563;Lance Thomas;FALSE;Nyk;F;30.96;46;17;36;0.75;118;47.50%;79;27.80%;45.20%;48.20%;80;203.2
564;Klay Thompson;FALSE;Gol;G;29.17;78;34;158;0.816;802;51.60%;599;40.20%;55.40%;57.10%;79;200.66
565;Tristan Thompson;FALSE;Cle;F-C;28.08;43;27.9;106;0.642;380;52.90%;0;0.00%;52.90%;55.10%;82;208.28
566;Sindarius Thornwell;FALSE;Lac;G;24.4;64;4.9;34;0.735;34;41.20%;15;20.00%;37.80%;48.50%;77;195.58
567;Anthony Tolliver;FALSE;Min;F;33.86;65;16.6;60;0.783;44;40.90%;215;37.70%;53.90%;57.10%;80;203.2
568;Karl-Anthony Towns;FALSE;Min;F-C;23.4;77;33;450;0.836;960;56.10%;355;40.00%;57.20%;62.10%;84;213.36
569;Gary Trent Jr.;FALSE;Por;G;20.23;15;7.4;7;0.429;29;37.90%;21;23.80%;37.00%;37.70%;78;198.12
570;Allonzo Trier;FALSE;Nyk;G;23.23;64;22.8;223;0.803;386;46.60%;132;39.40%;49.80%;56.40%;77;195.58
571;PJ Tucker;FALSE;Hou;F;33.93;82;34.2;59;0.695;137;44.50%;387;37.70%;53.40%;54.60%;78;198.12
572;Evan Turner;FALSE;Por;G-F;30.45;73;22;106;0.708;391;49.40%;53;20.80%;47.20%;50.30%;79;200.66
573;Myles Turner;FALSE;Ind;F-C;23.05;74;28.6;201;0.736;585;52.00%;196;38.80%;53.50%;56.60%;83;210.82
574;Ekpe Udoh;FALSE;Uta;C-F;31.89;51;6.3;30;0.633;72;69.40%;0;0.00%;69.40%;69.80%;82;208.28
575;Tyler Ulis;FALSE;Chi;G;23.26;1;0.8;0;0;0;0.00%;0;0.00%;0.00%;0.00%;70;177.8
576;Jonas Valanciunas;TRUE;Tor;C;26.93;30;18.8;94;0.819;228;61.40%;30;30.00%;59.50%;64.10%;84;213.36
577;Jonas Valanciunas;TRUE;Mem;C;26.93;19;27.7;91;0.769;261;56.30%;18;27.80%;55.40%;59.40%;84;213.36
578;Jarred Vanderbilt;FALSE;Den;F;20.02;16;4.3;10;0.6;18;50.00%;1;0.00%;47.40%;51.30%;81;205.74
579;Fred VanVleet;FALSE;Tor;G;25.12;64;27.5;115;0.843;304;44.10%;296;37.80%;50.30%;53.90%;72;182.88
580;Noah Vonleh;FALSE;Nyk;F;23.63;68;25.3;156;0.712;303;53.10%;137;33.60%;52.30%;56.10%;72;182.88
581;Nikola Vucevic;FALSE;Orl;C;28.46;80;31.4;227;0.789;1123;54.90%;231;36.40%;54.90%;57.30%;84;213.36
582;Dwyane Wade;FALSE;Mia;G;37.23;72;26.2;233;0.708;698;47.30%;261;33.00%;47.90%;51.00%;76;193.04
583;Moritz Wagner;FALSE;Lal;C;21.96;43;10.4;53;0.811;94;52.10%;77;28.60%;48.00%;53.30%;83;210.82
584;Dion Waiters;FALSE;Mia;G;27.34;44;25.9;44;0.5;190;46.80%;289;37.70%;52.70%;52.90%;76;193.04
585;Lonnie Walker IV;FALSE;San;G;20.32;17;6.9;10;0.8;33;33.30%;13;38.50%;40.20%;44.60%;77;195.58
586;Kemba Walker;FALSE;Cha;G;28.93;82;34.9;450;0.844;954;49.40%;730;35.60%;51.10%;55.80%;73;185.42
587;Tyrone Wallace;FALSE;Lac;G;24.84;62;10.1;57;0.526;198;44.40%;19;21.10%;43.30%;45.00%;77;195.58
588;John Wall;FALSE;Was;G;28.6;32;34.5;175;0.697;382;50.80%;169;30.20%;49.10%;52.80%;76;193.04
589;Brad Wanamaker;FALSE;Bos;G;29.71;36;9.5;28;0.857;66;51.50%;39;41.00%;55.20%;59.70%;76;193.04
590;T.J. Warren;FALSE;Pho;F;25.6;43;31.6;124;0.815;431;51.00%;180;42.80%;54.90%;58.00%;80;203.2
591;Julian Washburn;FALSE;Mem;F-G;27.31;18;14.1;4;0.75;24;45.80%;24;20.80%;38.50%;40.20%;80;203.2
592;Yuta Watanabe;FALSE;Mem;G;24.49;15;11.6;10;0.7;35;37.10%;16;12.50%;31.40%;35.20%;81;205.74
593;Thomas Welsh;FALSE;Den;C;23.18;11;3.3;2;0.5;6;66.70%;7;42.90%;65.40%;64.80%;84;213.36
594;Russell Westbrook;FALSE;Okc;G;30.41;73;36;450;0.658;1062;48.10%;411;29.00%;46.80%;50.10%;75;190.5
595;Derrick White;FALSE;San;G;24.78;67;25.8;123;0.772;401;52.90%;142;33.80%;52.30%;55.50%;76;193.04
596;Okaro White;FALSE;Was;F;26.66;3;2.1;0;0;0;0.00%;2;0.00%;0.00%;0.00%;80;203.2
597;Hassan Whiteside;FALSE;Mia;C;29.83;72;23.3;243;0.449;665;58.00%;16;12.50%;57.10%;56.30%;84;213.36
598;Andrew Wiggins;FALSE;Min;G-F;24.13;73;34.8;296;0.699;862;44.10%;348;33.90%;46.00%;49.30%;80;203.2
599;Robert Williams III;FALSE;Bos;C-F;21.48;31;9.1;15;0.6;51;70.60%;0;0.00%;70.60%;70.30%;82;208.28
600;Alan Williams;FALSE;Bro;F-C;26.2;5;5.1;4;0.5;12;66.70%;1;0.00%;61.50%;61.00%;80;203.2
601;C.J. Williams;FALSE;Min;G;29.18;15;8.5;1;0;19;63.20%;16;31.30%;55.70%;55.00%;77;195.58
602;Johnathan Williams;FALSE;Lal;F;23.89;24;15.5;48;0.563;108;60.20%;2;0.00%;59.10%;59.90%;81;205.74
603;Kenrich Williams;FALSE;Nor;G-F;24.36;46;23.5;19;0.684;123;44.70%;156;33.30%;47.70%;48.50%;79;200.66
604;Lou Williams;FALSE;Lac;G;32.46;75;26.6;484;0.876;847;44.70%;292;36.00%;47.10%;55.40%;73;185.42
605;Marvin Williams;FALSE;Cha;F;32.81;75;28.4;86;0.767;270;50.00%;382;36.60%;52.90%;54.80%;81;205.74
606;Troy Williams;FALSE;Sac;F;24.28;21;14.9;15;0.6;54;55.60%;44;31.80%;52.00%;53.10%;79;200.66
607;D.J. Wilson;FALSE;Mil;F;23.14;48;18.4;47;0.553;124;46.80%;127;36.20%;50.60%;51.50%;82;208.28
608;Justise Winslow;FALSE;Mia;F;23.04;66;29.7;137;0.628;493;46.20%;256;37.50%;49.70%;51.30%;79;200.66
609;Christian Wood;TRUE;Mil;F;23.54;13;4.7;15;0.667;20;45.00%;5;60.00%;54.00%;58.50%;82;208.28
610;Christian Wood;TRUE;Nor;F;23.54;8;23.6;41;0.756;71;60.60%;21;28.60%;56.50%;61.30%;82;208.28
611;Delon Wright;FALSE;Tor;G;26.96;49;18.3;61;0.869;203;47.80%;90;33.30%;48.50%;52.70%;77;195.58
612;Delon Wright;FALSE;Mem;G;26.96;26;30.8;89;0.742;187;50.80%;78;25.60%;47.20%;51.90%;77;195.58
613;Guerschon Yabusele;FALSE;Bos;F;23.32;41;6.1;22;0.682;49;53.10%;28;32.10%;51.30%;54.20%;80;203.2
614;Nick Young;FALSE;Den;G-F;33.86;4;9.3;0;0;1;0.00%;8;37.50%;50.00%;50.00%;79;200.66
615;Thaddeus Young;FALSE;Ind;F;30.8;81;30.7;135;0.644;696;56.30%;146;34.90%;55.60%;56.80%;80;203.2
616;Trae Young;FALSE;Atl;G;20.56;81;30.9;414;0.829;775;47.60%;482;32.40%;48.00%;53.80%;74;187.96
617;Cody Zeller;FALSE;Cha;F-C;26.51;49;25.4;141;0.787;323;57.00%;22;27.30%;55.90%;61.10%;83;210.82
618;Tyler Zeller;TRUE;Atl;C;29.23;2;5.4;0;0;1;0.00%;1;0.00%;0.00%;0.00%;84;213.36
619;Tyler Zeller;TRUE;Mem;C;29.23;4;20.6;18;0.778;28;57.10%;0;0.00%;57.10%;64.00%;84;213.36
620;Ante Zizic;FALSE;Cle;C;22.27;59;18.3;132;0.705;330;55.50%;0;0.00%;55.50%;59.10%;83;210.82
621;Ivica Zubac;TRUE;Lal;C;22.07;33;15.6;66;0.864;193;58.00%;0;0.00%;58.00%;63.30%;85;215.9
622;Ivica Zubac;TRUE;Lac;C;22.07;26;20.1;60;0.733;186;53.80%;0;0.00%;53.80%;57.40%;85;215.9
